{
  "standard": {
    "gpt2_embd=256_layer=12_head=8": {
      "mean": [
        6.9707536697387695,
        7.027366638183594,
        6.153101921081543,
        6.353762149810791,
        5.95089054107666,
        5.7886786460876465,
        5.876898288726807,
        4.951863765716553,
        5.312493324279785,
        5.031140327453613,
        4.989233493804932,
        4.759638786315918,
        4.27626371383667,
        4.1204047203063965,
        3.7074427604675293,
        3.6614177227020264,
        3.0498313903808594,
        3.101996660232544,
        3.416011095046997,
        2.641627073287964,
        2.782135486602783,
        2.499044895172119,
        2.4791924953460693,
        1.8899946212768555,
        1.7665176391601562,
        1.7557861804962158,
        1.7511160373687744,
        1.297845482826233,
        1.2536213397979736,
        0.9867427945137024,
        1.0257211923599243,
        0.8678923845291138,
        0.7835618257522583,
        0.5671011805534363,
        0.5868929028511047,
        0.4270637631416321,
        0.4623282849788666,
        0.3521415889263153,
        0.333965003490448,
        0.28202155232429504,
        0.30206236243247986
      ],
      "std": [
        16.29311752319336,
        16.88344383239746,
        12.8490629196167,
        13.499985694885254,
        12.98384952545166,
        12.047060012817383,
        12.981663703918457,
        10.813037872314453,
        11.970358848571777,
        10.45712661743164,
        11.306534767150879,
        10.014549255371094,
        9.036951065063477,
        9.824676513671875,
        7.993290424346924,
        8.212498664855957,
        6.112724304199219,
        6.716365337371826,
        7.740157604217529,
        6.42258882522583,
        6.686054706573486,
        5.9558281898498535,
        5.566206932067871,
        4.708042621612549,
        5.190410137176514,
        4.285561561584473,
        4.40596342086792,
        2.9385898113250732,
        3.547677516937256,
        2.755972385406494,
        2.6678197383880615,
        2.62313175201416,
        1.9963459968566895,
        1.4869590997695923,
        1.7319518327713013,
        1.221118450164795,
        1.3068327903747559,
        1.1365046501159668,
        1.5578848123550415,
        1.342262625694275,
        1.689935564994812
      ],
      "bootstrap_low": [
        6.178536415100098,
        6.274478912353516,
        5.599103927612305,
        5.75797700881958,
        5.320004940032959,
        5.2731218338012695,
        5.281755447387695,
        4.445939540863037,
        4.76893949508667,
        4.530747413635254,
        4.519045829772949,
        4.317983150482178,
        3.8674168586730957,
        3.686511993408203,
        3.3418731689453125,
        3.2884154319763184,
        2.7666258811950684,
        2.7902677059173584,
        3.0747499465942383,
        2.3565990924835205,
        2.503448486328125,
        2.230072498321533,
        2.2389228343963623,
        1.695103406906128,
        1.5277059078216553,
        1.5579044818878174,
        1.5500285625457764,
        1.1671086549758911,
        1.1078369617462158,
        0.8628314733505249,
        0.8990748524665833,
        0.7505819797515869,
        0.6964441537857056,
        0.4996255040168762,
        0.5057403445243835,
        0.3757769465446472,
        0.40533146262168884,
        0.30473339557647705,
        0.2675119936466217,
        0.2230716049671173,
        0.23495566844940186
      ],
      "bootstrap_high": [
        7.7094831466674805,
        7.828985691070557,
        6.750367164611816,
        6.962978363037109,
        6.56857442855835,
        6.324831485748291,
        6.5033979415893555,
        5.445522308349609,
        5.892177581787109,
        5.5042619705200195,
        5.492147922515869,
        5.255335330963135,
        4.670825958251953,
        4.5943427085876465,
        4.051515102386475,
        4.029630184173584,
        3.3303451538085938,
        3.419008731842041,
        3.783963680267334,
        2.9402053356170654,
        3.0956223011016846,
        2.7726335525512695,
        2.7320749759674072,
        2.1083931922912598,
        2.012603282928467,
        1.9550819396972656,
        1.9533746242523193,
        1.4275362491607666,
        1.4290390014648438,
        1.120822548866272,
        1.1535911560058594,
        0.9927331805229187,
        0.8777164220809937,
        0.6383509635925293,
        0.6711024045944214,
        0.48236504197120667,
        0.5291087031364441,
        0.40574079751968384,
        0.4177759289741516,
        0.34687942266464233,
        0.3828262686729431
      ]
    }
  }
}