{
  "standard": {
    "gpt2_embd=256_layer=12_head=8": {
      "mean": [
        897.9802856445312,
        976.51904296875,
        799.1512451171875,
        930.26025390625,
        795.3351440429688,
        935.0396728515625,
        947.0353393554688,
        1001.6749267578125,
        963.0906982421875,
        814.2948608398438,
        944.2405395507812,
        1084.962890625,
        993.1671752929688,
        833.2374267578125,
        885.5455322265625,
        875.8936767578125,
        889.2635498046875,
        960.2064208984375,
        812.5081787109375,
        848.4041748046875,
        905.8005981445312,
        776.1324462890625,
        1001.55712890625,
        1019.7179565429688,
        835.5916137695312,
        884.9841918945312,
        785.3985595703125,
        847.8928833007812,
        781.306884765625,
        794.7837524414062,
        633.9841918945312,
        888.5350341796875,
        851.2059326171875,
        879.0740356445312,
        907.2127075195312,
        755.01220703125,
        774.6546630859375,
        908.4083862304688,
        1124.142333984375,
        937.8191528320312,
        911.6707153320312
      ],
      "std": [
        3559.933837890625,
        3549.087890625,
        3162.4951171875,
        5524.07275390625,
        2725.11572265625,
        3666.337646484375,
        3831.51123046875,
        3485.217529296875,
        3725.068115234375,
        3299.9658203125,
        3900.763427734375,
        4248.0322265625,
        4211.43212890625,
        3369.9248046875,
        3554.3466796875,
        3993.951904296875,
        4573.4609375,
        3449.829345703125,
        3031.209716796875,
        2878.827880859375,
        3803.5859375,
        3127.77392578125,
        3503.9765625,
        4358.6279296875,
        3125.033935546875,
        3329.2587890625,
        2763.606201171875,
        3224.9462890625,
        3563.80078125,
        2790.85888671875,
        1662.4476318359375,
        3174.434326171875,
        3514.598876953125,
        2994.55078125,
        4524.0859375,
        2504.14013671875,
        2726.3515625,
        3282.381591796875,
        4969.53125,
        3146.705810546875,
        4891.85595703125
      ],
      "bootstrap_low": [
        753.2933959960938,
        826.1271362304688,
        665.4498901367188,
        708.3099975585938,
        675.4170532226562,
        776.9812622070312,
        785.2609252929688,
        853.6740112304688,
        796.5276489257812,
        668.3929443359375,
        776.1571044921875,
        900.3089599609375,
        816.4803466796875,
        685.9340209960938,
        735.7345581054688,
        714.0912475585938,
        701.0523071289062,
        797.0448608398438,
        688.5393676757812,
        723.9518432617188,
        758.044921875,
        651.4297485351562,
        857.5025634765625,
        827.62890625,
        699.049560546875,
        741.2642822265625,
        668.4549560546875,
        704.8489379882812,
        635.7279663085938,
        678.2564697265625,
        560.0138549804688,
        743.875244140625,
        706.1150512695312,
        747.0543212890625,
        717.0817260742188,
        644.4207153320312,
        656.2462768554688,
        757.7319946289062,
        918.4730224609375,
        792.9918212890625,
        714.3570556640625
      ],
      "bootstrap_high": [
        1078.8323974609375,
        1155.063232421875,
        951.54736328125,
        1213.004150390625,
        916.322265625,
        1116.323486328125,
        1123.135009765625,
        1162.27392578125,
        1145.632568359375,
        972.1500854492188,
        1140.33251953125,
        1270.092529296875,
        1184.148681640625,
        988.7839965820312,
        1067.5233154296875,
        1067.137451171875,
        1121.8870849609375,
        1123.4482421875,
        964.3137817382812,
        986.7449340820312,
        1081.154541015625,
        922.23095703125,
        1163.513671875,
        1236.5726318359375,
        986.6749267578125,
        1045.5408935546875,
        914.2943115234375,
        1005.6539916992188,
        959.8923950195312,
        926.3942260742188,
        711.8945922851562,
        1045.177734375,
        1038.600830078125,
        1030.1724853515625,
        1133.746826171875,
        877.9480590820312,
        907.4534301757812,
        1056.068603515625,
        1363.3707275390625,
        1100.401123046875,
        1143.4554443359375
      ]
    }
  }
}