{
  "standard": {
    "gpt2_embd=256_layer=12_head=8": {
      "mean": [
        20.802295684814453,
        19.070241928100586,
        17.038013458251953,
        17.875091552734375,
        16.987865447998047,
        15.340779304504395,
        14.14628791809082,
        13.006963729858398,
        13.272560119628906,
        11.28565502166748,
        11.137057304382324,
        8.758295059204102,
        8.386791229248047,
        7.133542060852051,
        6.0338568687438965,
        4.5889177322387695,
        3.954761505126953,
        3.3742356300354004,
        2.236142873764038,
        1.3456109762191772,
        0.837918758392334,
        0.4027550220489502,
        0.27161407470703125,
        0.14464698731899261,
        0.09503341466188431,
        0.07582549750804901,
        0.0688634142279625,
        0.05231807380914688,
        0.04381807893514633,
        0.041018180549144745,
        0.037794969975948334,
        0.035623371601104736,
        0.034066542983055115,
        0.031317345798015594,
        0.032155849039554596,
        0.030531462281942368,
        0.03056967258453369,
        0.02882574498653412,
        0.02519758604466915,
        0.028500650078058243,
        0.02855212613940239
      ],
      "std": [
        32.22554397583008,
        27.123933792114258,
        27.345857620239258,
        26.51895523071289,
        25.667953491210938,
        23.94629669189453,
        22.51494026184082,
        18.862241744995117,
        20.819786071777344,
        23.106422424316406,
        17.841203689575195,
        15.282288551330566,
        13.807671546936035,
        12.481266021728516,
        9.961358070373535,
        8.403580665588379,
        6.327350616455078,
        5.989733695983887,
        4.670810699462891,
        3.4649908542633057,
        2.5252065658569336,
        1.0832709074020386,
        0.9327008128166199,
        0.35180073976516724,
        0.20377758145332336,
        0.13569071888923645,
        0.14882305264472961,
        0.10177964717149734,
        0.07939087599515915,
        0.0670933648943901,
        0.06569240987300873,
        0.057591844350099564,
        0.05814534053206444,
        0.05504479259252548,
        0.05588025599718094,
        0.05129840224981308,
        0.05344048887491226,
        0.04753797873854637,
        0.03913307934999466,
        0.04792586714029312,
        0.053354065865278244
      ],
      "bootstrap_low": [
        19.395877838134766,
        17.76421356201172,
        15.737380981445312,
        16.668277740478516,
        15.790594100952148,
        14.309850692749023,
        13.17424488067627,
        12.13711929321289,
        12.285684585571289,
        10.31661605834961,
        10.30733585357666,
        8.093057632446289,
        7.77420711517334,
        6.595058441162109,
        5.5900163650512695,
        4.2163238525390625,
        3.665955066680908,
        3.1060004234313965,
        2.0214710235595703,
        1.1889352798461914,
        0.7246424555778503,
        0.35564762353897095,
        0.2310228794813156,
        0.12974786758422852,
        0.0857297033071518,
        0.07014976441860199,
        0.06240646913647652,
        0.047828786075115204,
        0.04001844301819801,
        0.03791562840342522,
        0.0348876416683197,
        0.03299671411514282,
        0.03138813376426697,
        0.02876480296254158,
        0.029646635055541992,
        0.028290096670389175,
        0.028142357245087624,
        0.026661809533834457,
        0.02342938259243965,
        0.026395494118332863,
        0.02625943347811699
      ],
      "bootstrap_high": [
        22.256528854370117,
        20.329206466674805,
        18.263713836669922,
        19.116456985473633,
        18.24462890625,
        16.458293914794922,
        15.144584655761719,
        13.815301895141602,
        14.189727783203125,
        12.4196138381958,
        12.038816452026367,
        9.46648120880127,
        9.043309211730957,
        7.715196132659912,
        6.503721714019775,
        4.94854211807251,
        4.240865707397461,
        3.6717441082000732,
        2.454359292984009,
        1.5126259326934814,
        0.951113224029541,
        0.45531368255615234,
        0.3152087330818176,
        0.16207481920719147,
        0.10441305488348007,
        0.08235646784305573,
        0.07589960098266602,
        0.05724489688873291,
        0.04796663671731949,
        0.04412035271525383,
        0.04104859009385109,
        0.038296889513731,
        0.03684471175074577,
        0.03394722938537598,
        0.034827180206775665,
        0.03309023752808571,
        0.03311140090227127,
        0.03120957687497139,
        0.027000267058610916,
        0.03082883358001709,
        0.031103331595659256
      ]
    }
  }
}