{
  "standard": {
    "gpt2_embd=256_layer=12_head=8": {
      "mean": [
        1109.850341796875,
        987.8138427734375,
        806.677490234375,
        914.4227294921875,
        985.9478759765625,
        799.1072998046875,
        1067.055419921875,
        776.7158203125,
        849.0403442382812,
        712.3546142578125,
        937.0525512695312,
        749.117431640625,
        894.2645263671875,
        768.8487548828125,
        766.6732177734375,
        743.7054443359375,
        968.1444091796875,
        981.6404418945312,
        932.3642578125,
        680.5208129882812,
        857.9393310546875,
        745.4832763671875,
        800.0828857421875,
        726.4132080078125,
        864.7672729492188,
        762.6412353515625,
        819.5279541015625,
        905.5592041015625,
        704.2220458984375,
        1126.667724609375,
        921.5203247070312,
        972.9728393554688,
        816.2846069335938,
        798.4549560546875,
        886.2691650390625,
        729.9454956054688,
        845.04296875,
        1086.0771484375,
        664.5557861328125,
        622.0861206054688,
        771.42578125
      ],
      "std": [
        5055.59375,
        3802.23876953125,
        2291.224853515625,
        3499.47998046875,
        4608.58349609375,
        2888.275146484375,
        4778.49609375,
        2533.5302734375,
        3418.8544921875,
        2330.7958984375,
        3657.714111328125,
        2593.068115234375,
        2936.557861328125,
        2280.548583984375,
        3375.361572265625,
        3102.52734375,
        3956.500244140625,
        5670.66943359375,
        4344.02392578125,
        1929.9920654296875,
        2764.913818359375,
        2688.8974609375,
        3024.652099609375,
        2342.596435546875,
        3339.431396484375,
        3191.70556640625,
        3672.687744140625,
        4804.23486328125,
        2583.775634765625,
        7585.3662109375,
        4238.92333984375,
        6843.6923828125,
        3751.74072265625,
        2726.460693359375,
        4896.19091796875,
        2437.770751953125,
        3442.515869140625,
        6316.71533203125,
        2178.3662109375,
        1581.2392578125,
        3477.869873046875
      ],
      "bootstrap_low": [
        881.6417236328125,
        819.6692504882812,
        705.4103393554688,
        756.55810546875,
        781.7839965820312,
        676.402587890625,
        867.5553588867188,
        660.8897705078125,
        705.1365966796875,
        610.1314086914062,
        768.6466674804688,
        632.99951171875,
        763.71240234375,
        668.995361328125,
        628.4049682617188,
        612.07763671875,
        799.2908325195312,
        748.8045043945312,
        733.28466796875,
        603.3905029296875,
        730.6968994140625,
        630.9598388671875,
        668.9429321289062,
        629.904296875,
        726.4153442382812,
        631.4967651367188,
        654.1474609375,
        702.0402221679688,
        591.5195922851562,
        809.3512573242188,
        741.1773071289062,
        696.3341064453125,
        658.6041870117188,
        687.1729125976562,
        696.8975830078125,
        628.2337646484375,
        695.0379028320312,
        820.8558349609375,
        570.3758544921875,
        552.16552734375,
        622.1292114257812
      ],
      "bootstrap_high": [
        1360.401611328125,
        1175.74560546875,
        917.8133544921875,
        1086.84765625,
        1201.311279296875,
        935.9283447265625,
        1299.902587890625,
        900.0514526367188,
        1013.1328125,
        825.3156127929688,
        1114.965576171875,
        874.7009887695312,
        1026.792724609375,
        877.7708129882812,
        929.48876953125,
        890.8917846679688,
        1160.712158203125,
        1271.268798828125,
        1130.3369140625,
        769.7395629882812,
        996.4263916015625,
        865.5179443359375,
        957.4339599609375,
        839.7755126953125,
        1044.8126220703125,
        919.3781127929688,
        989.6170654296875,
        1131.718505859375,
        830.62646484375,
        1505.219482421875,
        1144.2138671875,
        1330.0618896484375,
        1026.5015869140625,
        935.8712768554688,
        1131.9957275390625,
        852.5261840820312,
        1017.5751953125,
        1376.0045166015625,
        767.385986328125,
        700.6451416015625,
        933.6602783203125
      ]
    }
  }
}