{
  "standard": {
    "gpt2_embd=256_layer=12_head=8": {
      "mean": [
        0.326171338558197,
        0.2802737355232239,
        0.25698286294937134,
        0.32007911801338196,
        0.24218113720417023,
        0.24443519115447998,
        0.25926345586776733,
        0.24266552925109863,
        0.26393261551856995,
        0.227496936917305,
        0.29443836212158203,
        0.26959228515625,
        0.29155421257019043,
        0.23603589832782745,
        0.2726510465145111,
        0.2699846923351288,
        0.2885006070137024,
        0.24538838863372803,
        0.43646112084388733,
        0.3244660496711731,
        0.31730860471725464,
        0.2475484311580658,
        0.29069840908050537,
        0.22778446972370148,
        0.412681519985199,
        0.37397128343582153,
        0.4120419919490814,
        0.44987139105796814,
        0.3377041220664978,
        0.32690364122390747,
        0.3253224790096283,
        0.5371435284614563,
        0.3841857314109802,
        0.3460693955421448,
        0.33791014552116394,
        0.3811350464820862,
        0.28702956438064575,
        0.4498542249202728,
        0.35671350359916687,
        0.3531380295753479,
        0.6341611742973328
      ],
      "std": [
        1.1672003269195557,
        0.7284903526306152,
        0.6194339394569397,
        1.3897433280944824,
        0.6733916997909546,
        0.7404546737670898,
        0.9810512065887451,
        0.5943965911865234,
        0.8641260266304016,
        0.6134505867958069,
        1.1680680513381958,
        0.8610312938690186,
        0.9185600876808167,
        0.6077717542648315,
        1.1165777444839478,
        1.1698397397994995,
        1.314314842224121,
        0.8134759068489075,
        8.242569923400879,
        1.9645156860351562,
        1.0862770080566406,
        0.7517097592353821,
        1.105790615081787,
        0.8043198585510254,
        1.411331295967102,
        1.4094613790512085,
        1.7119215726852417,
        2.335620641708374,
        0.8834664821624756,
        0.9764711856842041,
        0.707008421421051,
        5.832022190093994,
        1.6407740116119385,
        1.4863090515136719,
        1.336622953414917,
        1.7954227924346924,
        1.0330208539962769,
        4.740617752075195,
        1.6423178911209106,
        1.0762120485305786,
        4.940162658691406
      ],
      "bootstrap_low": [
        0.27524447441101074,
        0.2474440634250641,
        0.23045401275157928,
        0.2635249197483063,
        0.21361219882965088,
        0.21168756484985352,
        0.21753554046154022,
        0.21612024307250977,
        0.22875802218914032,
        0.19930383563041687,
        0.243752121925354,
        0.23039941489696503,
        0.24986079335212708,
        0.20661267638206482,
        0.22659893333911896,
        0.2223968505859375,
        0.23358669877052307,
        0.2097131758928299,
        0.19072143733501434,
        0.242649644613266,
        0.27227893471717834,
        0.21520300209522247,
        0.24404554069042206,
        0.1928429901599884,
        0.3496118187904358,
        0.3088764548301697,
        0.33987313508987427,
        0.3486941158771515,
        0.29829540848731995,
        0.2844199240207672,
        0.292957067489624,
        0.3402341604232788,
        0.31155771017074585,
        0.28473183512687683,
        0.2828306555747986,
        0.30597153306007385,
        0.2437877207994461,
        0.2877780497074127,
        0.2851732075214386,
        0.3066250681877136,
        0.45654168725013733
      ],
      "bootstrap_high": [
        0.385807603597641,
        0.3138901889324188,
        0.2881189286708832,
        0.3810833692550659,
        0.27426019310951233,
        0.2807478904724121,
        0.3102060854434967,
        0.2719138264656067,
        0.3073095679283142,
        0.25745588541030884,
        0.3515385687351227,
        0.30910179018974304,
        0.3350377082824707,
        0.2654383182525635,
        0.3261854648590088,
        0.3246864676475525,
        0.35341763496398926,
        0.28315794467926025,
        0.8963603973388672,
        0.42000818252563477,
        0.36789005994796753,
        0.2850015163421631,
        0.3471074104309082,
        0.26840606331825256,
        0.48180633783340454,
        0.4379538595676422,
        0.5037420392036438,
        0.5573118329048157,
        0.37756627798080444,
        0.3739010691642761,
        0.35908183455467224,
        0.847590446472168,
        0.4646519720554352,
        0.41422176361083984,
        0.4038841128349304,
        0.471242755651474,
        0.3363259732723236,
        0.7129372358322144,
        0.44496941566467285,
        0.405262291431427,
        0.8951165080070496
      ]
    }
  }
}