{
  "standard": {
    "gpt2_embd=256_layer=12_head=8": {
      "mean": [
        40.83179473876953,
        39.2548713684082,
        34.03379821777344,
        34.63115310668945,
        32.07734298706055,
        31.472705841064453,
        26.866138458251953,
        25.20730209350586,
        22.763099670410156,
        22.504899978637695,
        19.754987716674805,
        17.502466201782227,
        16.684478759765625,
        13.215553283691406,
        11.632431030273438,
        8.983682632446289,
        7.849150657653809,
        5.970673084259033,
        4.0067925453186035,
        2.5075106620788574,
        0.7876776456832886,
        0.3309517502784729,
        0.16885137557983398,
        0.09473872184753418,
        0.07948620617389679,
        0.06133366376161575,
        0.04361981898546219,
        0.04447745904326439,
        0.035684965550899506,
        0.03459278494119644,
        0.032196011394262314,
        0.027797222137451172,
        0.029626404866576195,
        0.02649073675274849,
        0.024026161059737206,
        0.02326497808098793,
        0.024279292672872543,
        0.021139899268746376,
        0.019075855612754822,
        0.02053626999258995,
        0.02038273587822914
      ],
      "std": [
        61.42845916748047,
        58.52727508544922,
        54.08979034423828,
        51.955718994140625,
        49.70733642578125,
        47.506404876708984,
        39.30022048950195,
        38.722347259521484,
        35.50693130493164,
        36.62615966796875,
        32.994361877441406,
        27.296010971069336,
        27.4019718170166,
        23.032407760620117,
        21.188926696777344,
        14.90786075592041,
        13.943310737609863,
        11.98782730102539,
        7.548393249511719,
        6.692741394042969,
        2.4541690349578857,
        1.0906708240509033,
        0.4697049856185913,
        0.22031114995479584,
        0.18861107528209686,
        0.1623021960258484,
        0.09050372987985611,
        0.09657548367977142,
        0.06208844855427742,
        0.07097874581813812,
        0.06632742285728455,
        0.0471586249768734,
        0.06224529817700386,
        0.04360750690102577,
        0.03930776193737984,
        0.03856327384710312,
        0.04259514808654785,
        0.04090554639697075,
        0.032135795801877975,
        0.03853123262524605,
        0.03448469191789627
      ],
      "bootstrap_low": [
        38.04413604736328,
        36.55482864379883,
        31.64839744567871,
        32.338905334472656,
        29.79296875,
        29.399444580078125,
        25.147092819213867,
        23.60202407836914,
        21.092769622802734,
        20.912038803100586,
        18.21771812438965,
        16.254961013793945,
        15.45093059539795,
        12.21707534790039,
        10.63123607635498,
        8.328096389770508,
        7.260171413421631,
        5.4402971267700195,
        3.664745330810547,
        2.2123382091522217,
        0.677435040473938,
        0.28435784578323364,
        0.14756977558135986,
        0.08517839759588242,
        0.07107452303171158,
        0.054701387882232666,
        0.03977314755320549,
        0.040153391659259796,
        0.03296671062707901,
        0.031229257583618164,
        0.029362598434090614,
        0.025747263804078102,
        0.026790881529450417,
        0.024575114250183105,
        0.022413989529013634,
        0.02161867916584015,
        0.02234659530222416,
        0.019269252195954323,
        0.017628449946641922,
        0.018913649022579193,
        0.018916672095656395
      ],
      "bootstrap_high": [
        43.78447723388672,
        42.107582092285156,
        36.657894134521484,
        37.01299285888672,
        34.524085998535156,
        33.6861457824707,
        28.631006240844727,
        27.138538360595703,
        24.409194946289062,
        24.193798065185547,
        21.275707244873047,
        18.752683639526367,
        18.015277862548828,
        14.3002347946167,
        12.595333099365234,
        9.690966606140137,
        8.510890007019043,
        6.571008205413818,
        4.351278305053711,
        2.8327417373657227,
        0.915310263633728,
        0.3836052417755127,
        0.1919831931591034,
        0.10538186877965927,
        0.08813837170600891,
        0.06916610151529312,
        0.04762578010559082,
        0.048877228051424026,
        0.038528431206941605,
        0.03813915699720383,
        0.0351463221013546,
        0.030047237873077393,
        0.03273738548159599,
        0.028395190834999084,
        0.025944530963897705,
        0.02497519925236702,
        0.02632073126733303,
        0.023008551448583603,
        0.020626012235879898,
        0.022433290258049965,
        0.02195003442466259
      ]
    }
  }
}