{
  "standard": {
    "gpt2_embd=256_layer=12_head=8": {
      "mean": [
        40.801429748535156,
        40.76905059814453,
        38.307708740234375,
        33.65433883666992,
        31.096302032470703,
        29.735204696655273,
        27.934118270874023,
        26.372638702392578,
        22.80950164794922,
        22.906137466430664,
        20.192073822021484,
        17.053852081298828,
        15.179801940917969,
        14.192403793334961,
        11.466410636901855,
        11.631908416748047,
        9.160444259643555,
        6.96286153793335,
        5.225605010986328,
        3.903822660446167,
        3.0509018898010254,
        2.2366764545440674,
        1.4225986003875732,
        1.220152735710144,
        0.8294886350631714,
        0.6119192838668823,
        0.531539797782898,
        0.4511988162994385,
        0.390178382396698,
        0.31440672278404236,
        0.30102017521858215,
        0.266784131526947,
        0.2688124179840088,
        0.24696478247642517,
        0.24736574292182922,
        0.21218645572662354,
        0.22339463233947754,
        0.2053830325603485,
        0.20021450519561768,
        0.19872616231441498,
        0.2460661381483078
      ],
      "std": [
        60.63469696044922,
        62.45762634277344,
        58.778926849365234,
        57.073490142822266,
        47.7836799621582,
        50.54859161376953,
        44.91431427001953,
        40.994083404541016,
        36.85239791870117,
        33.7999382019043,
        30.806608200073242,
        29.787981033325195,
        26.172168731689453,
        24.030912399291992,
        19.177473068237305,
        19.9671688079834,
        16.403827667236328,
        13.618697166442871,
        9.231377601623535,
        8.007928848266602,
        6.398595333099365,
        5.445855140686035,
        3.0603036880493164,
        3.3917605876922607,
        2.025395631790161,
        1.3212124109268188,
        1.1115719079971313,
        0.9782894253730774,
        0.7272987961769104,
        0.645481526851654,
        0.5888217091560364,
        0.4526995122432709,
        0.5621862411499023,
        0.4366776645183563,
        0.4689082205295563,
        0.3975802958011627,
        0.39709246158599854,
        0.39639315009117126,
        0.41601815819740295,
        0.3654311001300812,
        0.3968600332736969
      ],
      "bootstrap_low": [
        37.915496826171875,
        38.01704025268555,
        35.72674560546875,
        31.103557586669922,
        28.989990234375,
        27.416040420532227,
        25.77068519592285,
        24.423717498779297,
        21.181177139282227,
        21.42275619506836,
        18.773195266723633,
        15.758733749389648,
        14.003107070922852,
        13.042681694030762,
        10.538515090942383,
        10.718632698059082,
        8.41783332824707,
        6.32560920715332,
        4.786994934082031,
        3.5575969219207764,
        2.7699077129364014,
        1.9992554187774658,
        1.2785227298736572,
        1.0782246589660645,
        0.7450881004333496,
        0.5554777383804321,
        0.4816237986087799,
        0.4090035557746887,
        0.35742250084877014,
        0.2866808772087097,
        0.2735068202018738,
        0.24670608341693878,
        0.24325576424598694,
        0.22669300436973572,
        0.226093128323555,
        0.19442830979824066,
        0.20658862590789795,
        0.18759283423423767,
        0.18108832836151123,
        0.18287302553653717,
        0.22898593544960022
      ],
      "bootstrap_high": [
        43.50377655029297,
        43.44572067260742,
        41.374549865722656,
        36.492576599121094,
        33.19408416748047,
        32.0612907409668,
        30.155527114868164,
        28.23202896118164,
        24.702524185180664,
        24.52085304260254,
        21.62966537475586,
        18.42318344116211,
        16.374469757080078,
        15.340397834777832,
        12.36359977722168,
        12.520291328430176,
        9.91862678527832,
        7.60788106918335,
        5.646972179412842,
        4.288458347320557,
        3.348792552947998,
        2.4991860389709473,
        1.564666986465454,
        1.3818258047103882,
        0.934284508228302,
        0.6751010417938232,
        0.5876655578613281,
        0.4931534230709076,
        0.4254775941371918,
        0.3456454873085022,
        0.3301880955696106,
        0.2875574827194214,
        0.2969191074371338,
        0.2668386995792389,
        0.26896074414253235,
        0.23133273422718048,
        0.24200162291526794,
        0.2236163318157196,
        0.2192155122756958,
        0.21616621315479279,
        0.2646259367465973
      ]
    }
  }
}