{
  "standard": {
    "gpt2_embd=256_layer=12_head=8": {
      "mean": [
        0.00026220502331852913,
        0.0001503695675637573,
        0.00017353941802866757,
        0.0001492198061896488,
        0.00012830409104935825,
        0.00013692333595827222,
        0.00012930489901918918,
        0.00012334705388639122,
        0.0001341470779152587,
        0.00012105803762096912,
        0.00010809837840497494,
        0.00013414320710580796,
        0.00011383320816094056,
        0.0001397677988279611,
        0.00011545293091330677,
        0.00013267398753669113,
        0.0001280078140553087,
        0.00011119316332042217,
        0.00011937392264371738,
        0.0001153311095549725,
        0.00011891499161720276,
        0.00010962339729303494,
        0.00011617694690357894,
        0.00011543351138243452,
        0.00017302235937677324,
        0.00015582847117912024,
        0.0001461424253648147,
        0.00012806490121874958,
        0.00012035566760459915,
        0.000109959022665862,
        9.035028051584959e-05,
        8.644002809887752e-05,
        7.050765270832926e-05,
        7.203690620372072e-05,
        6.684973050141707e-05,
        6.968363595660776e-05,
        6.605403905268759e-05,
        6.771429616492242e-05,
        7.034791633486748e-05,
        6.981620390433818e-05,
        0.0002458339440636337
      ],
      "std": [
        0.0006723189144395292,
        0.00040672702016308904,
        0.0004307321214582771,
        0.0003453812678344548,
        0.0003103031776845455,
        0.00036773341707885265,
        0.0003005453327205032,
        0.00035915939952246845,
        0.00032155326334759593,
        0.0003114222490694374,
        0.0002721442433539778,
        0.0003138465981464833,
        0.0002784567477647215,
        0.00037914299173280597,
        0.0002926371817011386,
        0.0007307782070711255,
        0.00031345049501396716,
        0.00026849264395423234,
        0.0002714982256293297,
        0.0002671469410415739,
        0.00028751668287441134,
        0.00025932304561138153,
        0.0002996369148604572,
        0.00026922899996861815,
        0.0004548494762275368,
        0.0003756644728127867,
        0.0003653742023743689,
        0.0003262886602897197,
        0.00030564068583771586,
        0.00031421033781953156,
        0.00024992082035169005,
        0.000238515276578255,
        0.00019005265494342893,
        0.00017784092051442713,
        0.00018901278963312507,
        0.00021746438869740814,
        0.00015158909081947058,
        0.00016421884356532246,
        0.00017290317919105291,
        0.00018338624795433134,
        0.000582008739002049
      ],
      "bootstrap_low": [
        0.0002319540799362585,
        0.00013131524610798806,
        0.0001554810005472973,
        0.0001340641756542027,
        0.00011449983867350966,
        0.00012134778080508113,
        0.00011510502372402698,
        0.00010795517300721258,
        0.00011895991337951273,
        0.00010738944547483698,
        9.631227294448763e-05,
        0.00011971505591645837,
        0.00010145858686883003,
        0.0001226539898198098,
        0.00010111452866112813,
        0.00010479910997673869,
        0.00011332377471262589,
        9.980966569855809e-05,
        0.00010732821829151362,
        0.00010410116374259815,
        0.00010660678526619449,
        9.843461157288402e-05,
        0.00010316000407328829,
        0.0001039447815855965,
        0.00015262661327142268,
        0.00013809485244564712,
        0.00012926041381433606,
        0.0001144193229265511,
        0.0001065671895048581,
        9.697600762592629e-05,
        7.935899338917807e-05,
        7.540228398283944e-05,
        6.218012276804075e-05,
        6.424193270504475e-05,
        5.7724839280126616e-05,
        6.095006756368093e-05,
        5.931044142926112e-05,
        6.065078923711553e-05,
        6.292170291999355e-05,
        6.210701394593343e-05,
        0.0002206039644079283
      ],
      "bootstrap_high": [
        0.0002914410433731973,
        0.00016923830844461918,
        0.0001950270961970091,
        0.00016502921062055975,
        0.00014402810484170914,
        0.00015536996943410486,
        0.00014227056817617267,
        0.0001414374855812639,
        0.00014873883628752083,
        0.0001366230717394501,
        0.00012050250370521098,
        0.0001489238056819886,
        0.00012702689855359495,
        0.0001568769512232393,
        0.0001286380284000188,
        0.0001742501772241667,
        0.00014283304335549474,
        0.0001239539560629055,
        0.00013104837853461504,
        0.00012749069719575346,
        0.00013345408660825342,
        0.0001223740546265617,
        0.00012985891953576356,
        0.00012889615027233958,
        0.00019359044381417334,
        0.00017455620400141925,
        0.0001632804051041603,
        0.0001437113096471876,
        0.00013401833712123334,
        0.00012538603914435953,
        0.00010333208774682134,
        9.652877633925527e-05,
        7.953860040288419e-05,
        8.079480903688818e-05,
        7.5271658715792e-05,
        8.069844625424594e-05,
        7.327101775445044e-05,
        7.624381396453828e-05,
        7.904674566816539e-05,
        7.868574175518006e-05,
        0.0002726702077779919
      ]
    }
  }
}