{
  "standard": {
    "gpt2_embd=256_layer=12_head=8": {
      "mean": [
        7.096397399902344,
        6.797037601470947,
        6.90941858291626,
        5.966829776763916,
        5.732250690460205,
        5.786990165710449,
        4.988028526306152,
        6.049640655517578,
        5.355319023132324,
        5.147804260253906,
        4.753515720367432,
        4.604897499084473,
        4.0795722007751465,
        4.325450420379639,
        3.7317309379577637,
        3.5283355712890625,
        3.57776141166687,
        3.0597381591796875,
        3.018983840942383,
        2.75657320022583,
        2.687680959701538,
        2.394775867462158,
        2.299471378326416,
        1.8574116230010986,
        1.8382339477539062,
        1.4355590343475342,
        1.4838773012161255,
        1.28819739818573,
        1.3559560775756836,
        1.1924264430999756,
        0.8263150453567505,
        0.8729351758956909,
        0.8086705207824707,
        0.5936627984046936,
        0.6135262250900269,
        0.4817224144935608,
        0.3665146231651306,
        0.38876867294311523,
        0.2103460133075714,
        0.2789967954158783,
        0.21910877525806427
      ],
      "std": [
        16.425796508789062,
        16.119972229003906,
        16.531795501708984,
        13.778079986572266,
        11.720441818237305,
        13.298283576965332,
        10.672889709472656,
        13.680699348449707,
        11.430363655090332,
        11.972736358642578,
        9.872903823852539,
        9.073885917663574,
        8.248964309692383,
        13.027131080627441,
        8.693089485168457,
        8.330370903015137,
        8.588452339172363,
        6.661190032958984,
        7.113670825958252,
        6.754705429077148,
        6.002614974975586,
        6.164200782775879,
        5.4611921310424805,
        4.510928153991699,
        4.617785930633545,
        4.039770126342773,
        4.0233635902404785,
        3.041475296020508,
        3.9327659606933594,
        3.4431660175323486,
        2.3644020557403564,
        2.515054702758789,
        2.2566280364990234,
        1.7658874988555908,
        1.945658802986145,
        1.4767427444458008,
        1.2687562704086304,
        1.607588529586792,
        0.7104553580284119,
        0.9896904230117798,
        0.8394191861152649
      ],
      "bootstrap_low": [
        6.37368631362915,
        6.0224504470825195,
        6.1677656173706055,
        5.3712968826293945,
        5.195957183837891,
        5.233920097351074,
        4.5113019943237305,
        5.435622215270996,
        4.833242893218994,
        4.665871620178223,
        4.319577693939209,
        4.211068153381348,
        3.709892988204956,
        3.7361488342285156,
        3.3653531074523926,
        3.147791624069214,
        3.2052040100097656,
        2.7527308464050293,
        2.7057464122772217,
        2.4739227294921875,
        2.4026458263397217,
        2.1351733207702637,
        2.06424617767334,
        1.669166922569275,
        1.6260955333709717,
        1.257314682006836,
        1.3002113103866577,
        1.1496247053146362,
        1.1935851573944092,
        1.0363900661468506,
        0.725727379322052,
        0.7619630098342896,
        0.7078652381896973,
        0.5150002241134644,
        0.5258641242980957,
        0.4203804135322571,
        0.30675116181373596,
        0.3188745081424713,
        0.17717210948467255,
        0.2343103587627411,
        0.18183991312980652
      ],
      "bootstrap_high": [
        7.8671159744262695,
        7.567801475524902,
        7.6392107009887695,
        6.560544013977051,
        6.280277252197266,
        6.393473148345947,
        5.439367294311523,
        6.667391300201416,
        5.923937797546387,
        5.704372882843018,
        5.23696231842041,
        5.007594585418701,
        4.453161239624023,
        4.964570999145508,
        4.096355438232422,
        3.920254945755005,
        3.98744535446167,
        3.361302137374878,
        3.352438449859619,
        3.074045181274414,
        2.9539635181427,
        2.6880714893341064,
        2.5555546283721924,
        2.0702602863311768,
        2.0516231060028076,
        1.6228306293487549,
        1.675715446472168,
        1.4325807094573975,
        1.5497719049453735,
        1.3486016988754272,
        0.9352523684501648,
        1.0004682540893555,
        0.9123749732971191,
        0.6784648895263672,
        0.7072771787643433,
        0.549084484577179,
        0.4276481568813324,
        0.46298742294311523,
        0.24458011984825134,
        0.32593023777008057,
        0.25406140089035034
      ]
    }
  }
}